{
	"description": "项目配置文件。",
	"setting": {
		"urlCheck": false,
		"es6": true,
		"postcss": true,
		"minified": true,
		"newFeature": true
	},
	"compileType": "miniprogram",
	"libVersion": "1.6.6",
	"appid": "wx0451681834e5d0ff",
	"projectname": "%E7%9C%9F%E5%8A%9F%E5%A4%AB",
	"condition": {
		"search": {
			"current": -1,
			"list": []
		},
		"conversation": {
			"current": -1,
			"list": []
		},
		"miniprogram": {
			"current": -1,
			"list": [
				{
					"id": -1,
					"name": "登录",
					"pathName": "pages/login/login",
					"query": ""
				},
				{
					"id": -1,
					"name": "定位地址",
					"pathName": "pages/locationAddress/locationAddress",
					"query": ""
				}
			]
		}
	}
}